{
  "v_stall": 128.3364,
  "vmca": 114.5999,
  "S": 122.4,
  "cd": 0.07936,
  "cl": 0.553,
  "mu": 0.006,
  "q": 3,
  "alpha_min": 0.2,
  "alpha_max": 13.6,
  "cl_max": 1.87,
  "cd_max": 0.1701,
  "engine_coefs" : [42942.7, 56978, -6329.07, 350.395, -10.5676, 0.175998, -0.00152006, 5.31387e-06],
  "teta_target": 12.5
}