{
  "vmca": 114.5999,
  "S": 122.4,
  "mu": 0.006,
  "q": 3,
  "alpha_min": 0.2,
  "cl_max": 2.35,
  "engine_coefs": [
    42942.7,
    56978,
    -6329.07,
    350.395,
    -10.5676,
    0.175998,
    -0.00152006,
    5.31387e-06
  ],
  "teta_target": 12.5
}